"","Date","Species","GrowthT","Rep","Root_Rmass","Root_Rarea","Root_Tmeas","genus","species","Root_Tmeas2","individual"
"11","3/17/15","B.alleghaniensis",15,"r3",-0.010361,-1.08,13.79,"Betula","alleghaniensis",190.1641,"Betulaalleghaniensis15r3"
"12","3/17/15","B.alleghaniensis",15,"r3",-0.013871,-1.45,22.89,"Betula","alleghaniensis",523.9521,"Betulaalleghaniensis15r3"
"13","3/17/15","B.alleghaniensis",15,"r3",-0.014267,-1.49,31.97,"Betula","alleghaniensis",1022.0809,"Betulaalleghaniensis15r3"
"14","3/17/15","B.alleghaniensis",15,"r3",-0.010803,-1.13,40.85,"Betula","alleghaniensis",1668.7225,"Betulaalleghaniensis15r3"
"15","3/17/15","B.alleghaniensis",15,"r3",-0.008321,-0.87,45.87,"Betula","alleghaniensis",2104.0569,"Betulaalleghaniensis15r3"
"16","3/19/15","B.alleghaniensis",20,"r1",-0.005774,-0.56,14.03,"Betula","alleghaniensis",196.8409,"Betulaalleghaniensis20r1"
"17","3/19/15","B.alleghaniensis",20,"r1",-0.012908,-1.25,23.01,"Betula","alleghaniensis",529.4601,"Betulaalleghaniensis20r1"
"18","3/19/15","B.alleghaniensis",20,"r1",-0.023004,-2.22,31.86,"Betula","alleghaniensis",1015.0596,"Betulaalleghaniensis20r1"
"19","3/19/15","B.alleghaniensis",20,"r1",-0.016466,-1.59,40.8,"Betula","alleghaniensis",1664.64,"Betulaalleghaniensis20r1"
"20","3/19/15","B.alleghaniensis",20,"r1",-0.003384,-0.33,44.29,"Betula","alleghaniensis",1961.6041,"Betulaalleghaniensis20r1"
"21","3/19/15","B.alleghaniensis",20,"r2",-0.008357,-1.22,14.11,"Betula","alleghaniensis",199.0921,"Betulaalleghaniensis20r2"
"22","3/19/15","B.alleghaniensis",20,"r2",-0.025592,-3.73,23.1,"Betula","alleghaniensis",533.61,"Betulaalleghaniensis20r2"
"23","3/19/15","B.alleghaniensis",20,"r2",-0.01311,-1.91,32.15,"Betula","alleghaniensis",1033.6225,"Betulaalleghaniensis20r2"
"24","3/19/15","B.alleghaniensis",20,"r2",-0.013398,-1.95,41.1,"Betula","alleghaniensis",1689.21,"Betulaalleghaniensis20r2"
"25","3/19/15","B.alleghaniensis",20,"r2",-0.007843,-1.14,45.11,"Betula","alleghaniensis",2034.9121,"Betulaalleghaniensis20r2"
"26","3/19/15","B.alleghaniensis",20,"r3",-0.012499,-0.96,13.92,"Betula","alleghaniensis",193.7664,"Betulaalleghaniensis20r3"
"27","3/19/15","B.alleghaniensis",20,"r3",-0.015762,-1.21,22.86,"Betula","alleghaniensis",522.5796,"Betulaalleghaniensis20r3"
"28","3/19/15","B.alleghaniensis",20,"r3",-0.009765,-0.75,32.03,"Betula","alleghaniensis",1025.9209,"Betulaalleghaniensis20r3"
"29","3/19/15","B.alleghaniensis",20,"r3",-0.00827,-0.64,40.9,"Betula","alleghaniensis",1672.81,"Betulaalleghaniensis20r3"
"30","3/19/15","B.alleghaniensis",20,"r3",-0.00298,-0.23,45.63,"Betula","alleghaniensis",2082.0969,"Betulaalleghaniensis20r3"
"46","3/13/15","B.alleghaniensis",30,"r1",-0.010632,-0.96,14.01,"Betula","alleghaniensis",196.2801,"Betulaalleghaniensis30r1"
"47","3/13/15","B.alleghaniensis",30,"r1",-0.011971,-1.08,22.99,"Betula","alleghaniensis",528.5401,"Betulaalleghaniensis30r1"
"48","3/13/15","B.alleghaniensis",30,"r1",-0.014701,-1.33,31.99,"Betula","alleghaniensis",1023.3601,"Betulaalleghaniensis30r1"
"49","3/13/15","B.alleghaniensis",30,"r1",-0.011585,-1.05,41.23,"Betula","alleghaniensis",1699.9129,"Betulaalleghaniensis30r1"
"50","3/13/15","B.alleghaniensis",30,"r1",-0.010816,-0.98,44.13,"Betula","alleghaniensis",1947.4569,"Betulaalleghaniensis30r1"
"51","3/13/15","B.alleghaniensis",30,"r2",-0.019268,-1.41,14.08,"Betula","alleghaniensis",198.2464,"Betulaalleghaniensis30r2"
"52","3/13/15","B.alleghaniensis",30,"r2",-0.017635,-1.29,23.05,"Betula","alleghaniensis",531.3025,"Betulaalleghaniensis30r2"
"53","3/13/15","B.alleghaniensis",30,"r2",-0.021943,-1.6,32.12,"Betula","alleghaniensis",1031.6944,"Betulaalleghaniensis30r2"
"54","3/13/15","B.alleghaniensis",30,"r2",-0.013853,-1.01,40.98,"Betula","alleghaniensis",1679.3604,"Betulaalleghaniensis30r2"
"55","3/13/15","B.alleghaniensis",30,"r2",-0.004375,-0.32,44.69,"Betula","alleghaniensis",1997.1961,"Betulaalleghaniensis30r2"
"56","3/13/15","B.alleghaniensis",30,"r3",-0.017223,-1.79,13.95,"Betula","alleghaniensis",194.6025,"Betulaalleghaniensis30r3"
"57","3/13/15","B.alleghaniensis",30,"r3",-0.013667,-1.42,22.92,"Betula","alleghaniensis",525.3264,"Betulaalleghaniensis30r3"
"58","3/13/15","B.alleghaniensis",30,"r3",-0.007108,-0.74,31.99,"Betula","alleghaniensis",1023.3601,"Betulaalleghaniensis30r3"
"59","3/13/15","B.alleghaniensis",30,"r3",-0.00325,-0.34,40.91,"Betula","alleghaniensis",1673.6281,"Betulaalleghaniensis30r3"
"60","3/13/15","B.alleghaniensis",30,"r3",NA,NA,46.45,"Betula","alleghaniensis",2157.6025,"Betulaalleghaniensis30r3"
"61","3/11/15","B.alleghaniensis",35,"r1",-0.003388,-0.31,13.88,"Betula","alleghaniensis",192.6544,"Betulaalleghaniensis35r1"
"62","3/11/15","B.alleghaniensis",35,"r1",-0.003438,-0.31,23,"Betula","alleghaniensis",529,"Betulaalleghaniensis35r1"
"63","3/11/15","B.alleghaniensis",35,"r1",-0.00993,-0.9,31.86,"Betula","alleghaniensis",1015.0596,"Betulaalleghaniensis35r1"
"64","3/11/15","B.alleghaniensis",35,"r1",-0.015451,-1.41,41.48,"Betula","alleghaniensis",1720.5904,"Betulaalleghaniensis35r1"
"65","3/11/15","B.alleghaniensis",35,"r1",-0.01167,-1.06,43.73,"Betula","alleghaniensis",1912.3129,"Betulaalleghaniensis35r1"
"76","1/12/15","C.sativa",15,"r1",-0.012574,-1.18,14.17,"Cucumis","sativa",200.7889,"Cucumissativa15r1"
"77","1/12/15","C.sativa",15,"r1",-0.011357,-1.07,22.89,"Cucumis","sativa",523.9521,"Cucumissativa15r1"
"78","1/12/15","C.sativa",15,"r1",-0.011933,-1.12,31.99,"Cucumis","sativa",1023.3601,"Cucumissativa15r1"
"79","1/12/15","C.sativa",15,"r1",-0.009628,-0.91,41.02,"Cucumis","sativa",1682.6404,"Cucumissativa15r1"
"80","1/12/15","C.sativa",15,"r1",-0.009614,-0.9,45.06,"Cucumis","sativa",2030.4036,"Cucumissativa15r1"
"81","1/12/15","C.sativa",15,"r2",-0.010568,-0.86,14.12,"Cucumis","sativa",199.3744,"Cucumissativa15r2"
"82","1/12/15","C.sativa",15,"r2",-0.019028,-1.56,23.02,"Cucumis","sativa",529.9204,"Cucumissativa15r2"
"83","1/12/15","C.sativa",15,"r2",-0.010608,-0.87,32.14,"Cucumis","sativa",1032.9796,"Cucumissativa15r2"
"84","1/12/15","C.sativa",15,"r2",-0.003983,-0.33,41.2,"Cucumis","sativa",1697.44,"Cucumissativa15r2"
"85","1/12/15","C.sativa",15,"r2",NA,NA,45.15,"Cucumis","sativa",2038.5225,"Cucumissativa15r2"
"86","1/12/15","C.sativa",15,"r3",-0.010548,-0.97,13.82,"Cucumis","sativa",190.9924,"Cucumissativa15r3"
"87","1/12/15","C.sativa",15,"r3",-0.021891,-2.01,22.91,"Cucumis","sativa",524.8681,"Cucumissativa15r3"
"88","1/12/15","C.sativa",15,"r3",-0.036463,-3.34,31.82,"Cucumis","sativa",1012.5124,"Cucumissativa15r3"
"89","1/12/15","C.sativa",15,"r3",-0.023421,-2.15,40.78,"Cucumis","sativa",1663.0084,"Cucumissativa15r3"
"90","1/12/15","C.sativa",15,"r3",NA,NA,46.25,"Cucumis","sativa",2139.0625,"Cucumissativa15r3"
"91","1/5/15","C.sativa",20,"r1",-0.006229,-0.7,14.13,"Cucumis","sativa",199.6569,"Cucumissativa20r1"
"92","1/5/15","C.sativa",20,"r1",-0.007993,-0.9,23,"Cucumis","sativa",529,"Cucumissativa20r1"
"93","1/5/15","C.sativa",20,"r1",-0.01093,-1.23,31.83,"Cucumis","sativa",1013.1489,"Cucumissativa20r1"
"94","1/5/15","C.sativa",20,"r1",-0.009557,-1.08,41.03,"Cucumis","sativa",1683.4609,"Cucumissativa20r1"
"95","1/5/15","C.sativa",20,"r1",-0.00967,-1.09,44.72,"Cucumis","sativa",1999.8784,"Cucumissativa20r1"
"96","1/5/15","C.sativa",20,"r2",-0.016148,-1.42,13.85,"Cucumis","sativa",191.8225,"Cucumissativa20r2"
"97","1/5/15","C.sativa",20,"r2",-0.01653,-1.46,22.9,"Cucumis","sativa",524.41,"Cucumissativa20r2"
"98","1/5/15","C.sativa",20,"r2",-0.015236,-1.34,31.93,"Cucumis","sativa",1019.5249,"Cucumissativa20r2"
"99","1/5/15","C.sativa",20,"r2",-0.011038,-0.97,40.78,"Cucumis","sativa",1663.0084,"Cucumissativa20r2"
"100","1/5/15","C.sativa",20,"r2",NA,NA,45.79,"Cucumis","sativa",2096.7241,"Cucumissativa20r2"
"106","2/18/15","C.sativa",25,"r2",-0.013354,-2.04,14.1,"Cucumis","sativa",198.81,"Cucumissativa25r2"
"107","2/18/15","C.sativa",25,"r2",-0.012578,-1.92,22.91,"Cucumis","sativa",524.8681,"Cucumissativa25r2"
"108","2/18/15","C.sativa",25,"r2",-0.013496,-2.06,32,"Cucumis","sativa",1024,"Cucumissativa25r2"
"109","2/18/15","C.sativa",25,"r2",-0.002575,-0.39,41.57,"Cucumis","sativa",1728.0649,"Cucumissativa25r2"
"110","2/18/15","C.sativa",25,"r2",NA,NA,43.45,"Cucumis","sativa",1887.9025,"Cucumissativa25r2"
"111","1/23/15","C.sativa",30,"r1",-0.008012,-0.76,14.04,"Cucumis","sativa",197.1216,"Cucumissativa30r1"
"112","1/23/15","C.sativa",30,"r1",-0.009903,-0.94,22.82,"Cucumis","sativa",520.7524,"Cucumissativa30r1"
"113","1/23/15","C.sativa",30,"r1",-0.010017,-0.95,32,"Cucumis","sativa",1024,"Cucumissativa30r1"
"114","1/23/15","C.sativa",30,"r1",-0.012396,-1.18,40.95,"Cucumis","sativa",1676.9025,"Cucumissativa30r1"
"115","1/23/15","C.sativa",30,"r1",-0.011173,-1.06,44.12,"Cucumis","sativa",1946.5744,"Cucumissativa30r1"
"126","2/10/15","C.sativa",35,"r1",-0.014515,-1.16,13.97,"Cucumis","sativa",195.1609,"Cucumissativa35r1"
"127","2/10/15","C.sativa",35,"r1",-0.02237,-1.79,22.87,"Cucumis","sativa",523.0369,"Cucumissativa35r1"
"128","2/10/15","C.sativa",35,"r1",-0.017502,-1.4,32.02,"Cucumis","sativa",1025.2804,"Cucumissativa35r1"
"129","2/10/15","C.sativa",35,"r1",-0.014226,-1.14,40.99,"Cucumis","sativa",1680.1801,"Cucumissativa35r1"
"130","2/10/15","C.sativa",35,"r1",-0.004977,-0.4,44.53,"Cucumis","sativa",1982.9209,"Cucumissativa35r1"
"131","2/10/15","C.sativa",35,"r2",-0.01932,-1.63,13.98,"Cucumis","sativa",195.4404,"Cucumissativa35r2"
"132","2/10/15","C.sativa",35,"r2",-0.030497,-2.57,23.05,"Cucumis","sativa",531.3025,"Cucumissativa35r2"
"133","2/10/15","C.sativa",35,"r2",-0.021639,-1.82,32.14,"Cucumis","sativa",1032.9796,"Cucumissativa35r2"
"134","2/10/15","C.sativa",35,"r2",-0.008151,-0.69,41.2,"Cucumis","sativa",1697.44,"Cucumissativa35r2"
"135","2/10/15","C.sativa",35,"r2",NA,NA,45.14,"Cucumis","sativa",2037.6196,"Cucumissativa35r2"
"146","1/7/15","G.max",15,"r2",-0.016475,-2.94,14.05,"Glycine","max",197.4025,"Glycinemax15r2"
"147","1/7/15","G.max",15,"r2",-0.018602,-3.32,23.01,"Glycine","max",529.4601,"Glycinemax15r2"
"148","1/7/15","G.max",15,"r2",-0.019805,-3.54,32.03,"Glycine","max",1025.9209,"Glycinemax15r2"
"149","1/7/15","G.max",15,"r2",-0.011128,-1.99,41.5,"Glycine","max",1722.25,"Glycinemax15r2"
"150","1/7/15","G.max",15,"r2",-0.000887,-0.16,44.09,"Glycine","max",1943.9281,"Glycinemax15r2"
"151","1/7/15","G.max",15,"r3",-0.015065,-2.27,14.13,"Glycine","max",199.6569,"Glycinemax15r3"
"152","1/7/15","G.max",15,"r3",-0.017462,-2.64,22.73,"Glycine","max",516.6529,"Glycinemax15r3"
"153","1/7/15","G.max",15,"r3",-0.018515,-2.8,31.87,"Glycine","max",1015.6969,"Glycinemax15r3"
"154","1/7/15","G.max",15,"r3",-0.015485,-2.34,40.78,"Glycine","max",1663.0084,"Glycinemax15r3"
"155","1/7/15","G.max",15,"r3",-0.004411,-0.67,45.3,"Glycine","max",2052.09,"Glycinemax15r3"
"156","2/6/15","G.max",15,"r4",-0.01084,-1.4,13.88,"Glycine","max",192.6544,"Glycinemax15r4"
"157","2/6/15","G.max",15,"r4",-0.023357,-3.01,22.93,"Glycine","max",525.7849,"Glycinemax15r4"
"158","2/6/15","G.max",15,"r4",-0.012865,-1.66,32.01,"Glycine","max",1024.6401,"Glycinemax15r4"
"159","2/6/15","G.max",15,"r4",-0.006463,-0.83,40.94,"Glycine","max",1676.0836,"Glycinemax15r4"
"160","2/6/15","G.max",15,"r4",NA,NA,44.23,"Glycine","max",1956.2929,"Glycinemax15r4"
"161","2/6/15","G.max",15,"r5",NA,NA,13.88,"Glycine","max",192.6544,"Glycinemax15r5"
"162","2/6/15","G.max",15,"r5",-0.01407,-2.06,23.05,"Glycine","max",531.3025,"Glycinemax15r5"
"163","2/6/15","G.max",15,"r5",-0.020584,-3.02,32.13,"Glycine","max",1032.3369,"Glycinemax15r5"
"164","2/6/15","G.max",15,"r5",-0.016988,-2.49,40.99,"Glycine","max",1680.1801,"Glycinemax15r5"
"165","2/6/15","G.max",15,"r5",-0.006535,-0.96,44.18,"Glycine","max",1951.8724,"Glycinemax15r5"
"166","2/6/15","G.max",15,"r6",-0.017949,-2.56,13.8,"Glycine","max",190.44,"Glycinemax15r6"
"167","2/6/15","G.max",15,"r6",-0.019289,-2.75,22.92,"Glycine","max",525.3264,"Glycinemax15r6"
"168","2/6/15","G.max",15,"r6",-0.008862,-1.27,31.98,"Glycine","max",1022.7204,"Glycinemax15r6"
"169","2/6/15","G.max",15,"r6",-0.00441,-0.63,40.93,"Glycine","max",1675.2649,"Glycinemax15r6"
"170","2/6/15","G.max",15,"r6",-0.000826,-0.12,46.28,"Glycine","max",2141.8384,"Glycinemax15r6"
"171","12/19/14","G.max",20,"r1",-0.021793,-1.95,13.9,"Glycine","max",193.21,"Glycinemax20r1"
"172","12/19/14","G.max",20,"r1",-0.020989,-1.88,22.71,"Glycine","max",515.7441,"Glycinemax20r1"
"173","12/19/14","G.max",20,"r1",-0.012879,-1.15,31.8,"Glycine","max",1011.24,"Glycinemax20r1"
"174","12/19/14","G.max",20,"r1",-0.009019,-0.81,40.96,"Glycine","max",1677.7216,"Glycinemax20r1"
"175","12/19/14","G.max",20,"r1",-0.002781,-0.25,44.41,"Glycine","max",1972.2481,"Glycinemax20r1"
"181","12/19/14","G.max",20,"r3",-0.011353,-0.85,13.87,"Glycine","max",192.3769,"Glycinemax20r3"
"182","12/19/14","G.max",20,"r3",-0.01812,-1.35,22.9,"Glycine","max",524.41,"Glycinemax20r3"
"183","12/19/14","G.max",20,"r3",-0.011546,-0.86,31.92,"Glycine","max",1018.8864,"Glycinemax20r3"
"184","12/19/14","G.max",20,"r3",-0.00645,-0.48,40.92,"Glycine","max",1674.4464,"Glycinemax20r3"
"185","12/19/14","G.max",20,"r3",NA,NA,45.8,"Glycine","max",2097.64,"Glycinemax20r3"
"186","12/29/14","G.max",25,"r1",-0.019396,-1.12,13.95,"Glycine","max",194.6025,"Glycinemax25r1"
"187","12/29/14","G.max",25,"r1",-0.020323,-1.18,22.88,"Glycine","max",523.4944,"Glycinemax25r1"
"188","12/29/14","G.max",25,"r1",-0.013688,-0.79,31.86,"Glycine","max",1015.0596,"Glycinemax25r1"
"189","12/29/14","G.max",25,"r1",-0.011725,-0.68,41.45,"Glycine","max",1718.1025,"Glycinemax25r1"
"190","12/29/14","G.max",25,"r1",-0.003026,-0.18,44.01,"Glycine","max",1936.8801,"Glycinemax25r1"
"196","1/22/15","G.max",30,"r1",-0.008625,-1.2,13.92,"Glycine","max",193.7664,"Glycinemax30r1"
"197","1/22/15","G.max",30,"r1",-0.007018,-0.98,23,"Glycine","max",529,"Glycinemax30r1"
"198","1/22/15","G.max",30,"r1",-0.00773,-1.07,31.95,"Glycine","max",1020.8025,"Glycinemax30r1"
"199","1/22/15","G.max",30,"r1",-0.005397,-0.75,41.13,"Glycine","max",1691.6769,"Glycinemax30r1"
"200","1/22/15","G.max",30,"r1",-0.003008,-0.42,44.07,"Glycine","max",1942.1649,"Glycinemax30r1"
"201","1/22/15","G.max",30,"r2",NA,NA,14.01,"Glycine","max",196.2801,"Glycinemax30r2"
"202","1/22/15","G.max",30,"r2",-0.016168,-2.83,23,"Glycine","max",529,"Glycinemax30r2"
"203","1/22/15","G.max",30,"r2",-0.020848,-3.64,32.13,"Glycine","max",1032.3369,"Glycinemax30r2"
"204","1/22/15","G.max",30,"r2",-0.02374,-4.15,41.03,"Glycine","max",1683.4609,"Glycinemax30r2"
"205","1/22/15","G.max",30,"r2",-0.017742,-3.1,44.91,"Glycine","max",2016.9081,"Glycinemax30r2"
"206","1/22/15","G.max",30,"r3",-0.003935,-0.56,13.9,"Glycine","max",193.21,"Glycinemax30r3"
"207","1/22/15","G.max",30,"r3",-0.025535,-3.65,22.95,"Glycine","max",526.7025,"Glycinemax30r3"
"208","1/22/15","G.max",30,"r3",-0.023629,-3.37,31.99,"Glycine","max",1023.3601,"Glycinemax30r3"
"209","1/22/15","G.max",30,"r3",-0.02718,-3.88,40.97,"Glycine","max",1678.5409,"Glycinemax30r3"
"210","1/22/15","G.max",30,"r3",-0.015053,-2.15,46.68,"Glycine","max",2179.0224,"Glycinemax30r3"
"211","2/4/15","G.max",30,"r4",-0.005131,-0.65,13.97,"Glycine","max",195.1609,"Glycinemax30r4"
"212","2/4/15","G.max",30,"r4",-0.007819,-0.98,23.01,"Glycine","max",529.4601,"Glycinemax30r4"
"213","2/4/15","G.max",30,"r4",-0.007498,-0.94,31.98,"Glycine","max",1022.7204,"Glycinemax30r4"
"214","2/4/15","G.max",30,"r4",-0.009081,-1.14,40.82,"Glycine","max",1666.2724,"Glycinemax30r4"
"215","2/4/15","G.max",30,"r4",NA,NA,44.38,"Glycine","max",1969.5844,"Glycinemax30r4"
"216","2/4/15","G.max",30,"r5",-0.013423,-2.35,14.1,"Glycine","max",198.81,"Glycinemax30r5"
"217","2/4/15","G.max",30,"r5",-0.013095,-2.29,22.92,"Glycine","max",525.3264,"Glycinemax30r5"
"218","2/4/15","G.max",30,"r5",-0.013287,-2.32,32.12,"Glycine","max",1031.6944,"Glycinemax30r5"
"219","2/4/15","G.max",30,"r5",-0.010339,-1.81,41.15,"Glycine","max",1693.3225,"Glycinemax30r5"
"220","2/4/15","G.max",30,"r5",-0.008251,-1.44,45.07,"Glycine","max",2031.3049,"Glycinemax30r5"
"221","2/4/15","G.max",30,"r6",-0.012936,-1.85,13.82,"Glycine","max",190.9924,"Glycinemax30r6"
"222","2/4/15","G.max",30,"r6",-0.015811,-2.26,22.98,"Glycine","max",528.0804,"Glycinemax30r6"
"223","2/4/15","G.max",30,"r6",-0.013452,-1.92,31.97,"Glycine","max",1022.0809,"Glycinemax30r6"
"224","2/4/15","G.max",30,"r6",-0.009187,-1.31,40.93,"Glycine","max",1675.2649,"Glycinemax30r6"
"225","2/4/15","G.max",30,"r6",-0.005357,-0.77,46.03,"Glycine","max",2118.7609,"Glycinemax30r6"
"226","3/10/15","G.max",35,"r1",-0.009325,-0.73,13.73,"Glycine","max",188.5129,"Glycinemax35r1"
"227","3/10/15","G.max",35,"r1",-0.006154,-0.48,23.03,"Glycine","max",530.3809,"Glycinemax35r1"
"228","3/10/15","G.max",35,"r1",-0.005308,-0.41,31.99,"Glycine","max",1023.3601,"Glycinemax35r1"
"229","3/10/15","G.max",35,"r1",-0.01205,-0.94,40.96,"Glycine","max",1677.7216,"Glycinemax35r1"
"230","3/10/15","G.max",35,"r1",-0.012868,-1,44.33,"Glycine","max",1965.1489,"Glycinemax35r1"
"241","1/19/15","P.nigra",15,"r2",-0.005632,-0.54,13.97,"Pinus","nigra",195.1609,"Pinusnigra15r2"
"242","1/19/15","P.nigra",15,"r2",-0.008967,-0.86,23.12,"Pinus","nigra",534.5344,"Pinusnigra15r2"
"243","1/19/15","P.nigra",15,"r2",-0.009228,-0.88,31.93,"Pinus","nigra",1019.5249,"Pinusnigra15r2"
"244","1/19/15","P.nigra",15,"r2",-0.006488,-0.62,41.09,"Pinus","nigra",1688.3881,"Pinusnigra15r2"
"245","1/19/15","P.nigra",15,"r2",-0.001123,-0.11,44.58,"Pinus","nigra",1987.3764,"Pinusnigra15r2"
"246","1/19/15","P.nigra",15,"r3",-0.002823,-0.24,13.9,"Pinus","nigra",193.21,"Pinusnigra15r3"
"247","1/19/15","P.nigra",15,"r3",-0.006492,-0.56,22.99,"Pinus","nigra",528.5401,"Pinusnigra15r3"
"248","1/19/15","P.nigra",15,"r3",-0.007527,-0.65,31.91,"Pinus","nigra",1018.2481,"Pinusnigra15r3"
"249","1/19/15","P.nigra",15,"r3",-0.001139,-0.1,40.85,"Pinus","nigra",1668.7225,"Pinusnigra15r3"
"250","1/19/15","P.nigra",15,"r3",NA,NA,45.1,"Pinus","nigra",2034.01,"Pinusnigra15r3"
"251","1/9/15","P.nigra",20,"r1",-0.005,-0.38,13.98,"Pinus","nigra",195.4404,"Pinusnigra20r1"
"252","1/9/15","P.nigra",20,"r1",-0.005994,-0.45,22.92,"Pinus","nigra",525.3264,"Pinusnigra20r1"
"253","1/9/15","P.nigra",20,"r1",-0.005785,-0.44,32.02,"Pinus","nigra",1025.2804,"Pinusnigra20r1"
"254","1/9/15","P.nigra",20,"r1",-0.002298,-0.17,41.2,"Pinus","nigra",1697.44,"Pinusnigra20r1"
"255","1/9/15","P.nigra",20,"r1",-0.003579,-0.27,44.87,"Pinus","nigra",2013.3169,"Pinusnigra20r1"
"256","1/9/15","P.nigra",20,"r2",NA,NA,14.09,"Pinus","nigra",198.5281,"Pinusnigra20r2"
"257","1/9/15","P.nigra",20,"r2",-0.009753,-1.03,22.95,"Pinus","nigra",526.7025,"Pinusnigra20r2"
"258","1/9/15","P.nigra",20,"r2",-0.01574,-1.66,32.01,"Pinus","nigra",1024.6401,"Pinusnigra20r2"
"259","1/9/15","P.nigra",20,"r2",-0.016167,-1.7,41.08,"Pinus","nigra",1687.5664,"Pinusnigra20r2"
"260","1/9/15","P.nigra",20,"r2",-0.015941,-1.68,44.64,"Pinus","nigra",1992.7296,"Pinusnigra20r2"
"261","1/9/15","P.nigra",20,"r3",-0.012966,-1.42,13.9,"Pinus","nigra",193.21,"Pinusnigra20r3"
"262","1/9/15","P.nigra",20,"r3",-0.009162,-1,22.9,"Pinus","nigra",524.41,"Pinusnigra20r3"
"263","1/9/15","P.nigra",20,"r3",-0.014014,-1.54,31.93,"Pinus","nigra",1019.5249,"Pinusnigra20r3"
"264","1/9/15","P.nigra",20,"r3",-0.006137,-0.67,40.93,"Pinus","nigra",1675.2649,"Pinusnigra20r3"
"265","1/9/15","P.nigra",20,"r3",-0.000758,-0.08,46.01,"Pinus","nigra",2116.9201,"Pinusnigra20r3"
"266","12/11/14","P.nigra",25,"r1",-0.005753,-0.5,13.87,"Pinus","nigra",192.3769,"Pinusnigra25r1"
"267","12/11/14","P.nigra",25,"r1",-0.009334,-0.81,22.95,"Pinus","nigra",526.7025,"Pinusnigra25r1"
"268","12/11/14","P.nigra",25,"r1",-0.021182,-1.84,31.93,"Pinus","nigra",1019.5249,"Pinusnigra25r1"
"269","12/11/14","P.nigra",25,"r1",-0.013402,-1.16,40.85,"Pinus","nigra",1668.7225,"Pinusnigra25r1"
"270","12/11/14","P.nigra",25,"r1",-0.015759,-1.37,44.96,"Pinus","nigra",2021.4016,"Pinusnigra25r1"
"271","12/11/14","P.nigra",25,"r2",-0.004056,-0.44,14.11,"Pinus","nigra",199.0921,"Pinusnigra25r2"
"272","12/11/14","P.nigra",25,"r2",-0.00564,-0.61,23.16,"Pinus","nigra",536.3856,"Pinusnigra25r2"
"273","12/11/14","P.nigra",25,"r2",-0.008625,-0.94,32.1,"Pinus","nigra",1030.41,"Pinusnigra25r2"
"274","12/11/14","P.nigra",25,"r2",-0.010329,-1.12,41.13,"Pinus","nigra",1691.6769,"Pinusnigra25r2"
"275","12/11/14","P.nigra",25,"r2",NA,NA,44.84,"Pinus","nigra",2010.6256,"Pinusnigra25r2"
"276","12/11/14","P.nigra",25,"r3",-0.008675,-0.81,13.9,"Pinus","nigra",193.21,"Pinusnigra25r3"
"277","12/11/14","P.nigra",25,"r3",-0.008684,-0.81,22.89,"Pinus","nigra",523.9521,"Pinusnigra25r3"
"278","12/11/14","P.nigra",25,"r3",-0.007469,-0.7,31.95,"Pinus","nigra",1020.8025,"Pinusnigra25r3"
"279","12/11/14","P.nigra",25,"r3",-0.006203,-0.58,40.94,"Pinus","nigra",1676.0836,"Pinusnigra25r3"
"280","12/11/14","P.nigra",25,"r3",-0.002564,-0.24,45.59,"Pinus","nigra",2078.4481,"Pinusnigra25r3"
"281","1/28/15","P.nigra",30,"r1",-0.002782,-0.28,14.07,"Pinus","nigra",197.9649,"Pinusnigra30r1"
"282","1/28/15","P.nigra",30,"r1",-0.002372,-0.24,23.08,"Pinus","nigra",532.6864,"Pinusnigra30r1"
"283","1/28/15","P.nigra",30,"r1",-0.002977,-0.3,32.01,"Pinus","nigra",1024.6401,"Pinusnigra30r1"
"284","1/28/15","P.nigra",30,"r1",-0.007287,-0.74,40.98,"Pinus","nigra",1679.3604,"Pinusnigra30r1"
"285","1/28/15","P.nigra",30,"r1",-0.004776,-0.48,44.37,"Pinus","nigra",1968.6969,"Pinusnigra30r1"
"286","1/28/15","P.nigra",30,"r3",-0.002685,-0.26,13.92,"Pinus","nigra",193.7664,"Pinusnigra30r3"
"287","1/28/15","P.nigra",30,"r3",-0.007538,-0.73,22.98,"Pinus","nigra",528.0804,"Pinusnigra30r3"
"288","1/28/15","P.nigra",30,"r3",-0.009109,-0.88,31.97,"Pinus","nigra",1022.0809,"Pinusnigra30r3"
"289","1/28/15","P.nigra",30,"r3",-0.009524,-0.92,40.92,"Pinus","nigra",1674.4464,"Pinusnigra30r3"
"290","1/28/15","P.nigra",30,"r3",-0.002433,-0.24,46.68,"Pinus","nigra",2179.0224,"Pinusnigra30r3"
"291","11/20/14","P.nigra",35,"r1",-0.006403,-0.56,13.92,"Pinus","nigra",193.7664,"Pinusnigra35r1"
"292","11/20/14","P.nigra",35,"r1",-0.008656,-0.76,22.8,"Pinus","nigra",519.84,"Pinusnigra35r1"
"293","11/20/14","P.nigra",35,"r1",-0.010326,-0.9,31.99,"Pinus","nigra",1023.3601,"Pinusnigra35r1"
"294","11/20/14","P.nigra",35,"r1",-0.013282,-1.16,40.97,"Pinus","nigra",1678.5409,"Pinusnigra35r1"
"295","11/20/14","P.nigra",35,"r1",-0.006236,-0.54,44.9,"Pinus","nigra",2016.01,"Pinusnigra35r1"
"296","11/20/14","P.nigra",35,"r2",NA,NA,13.9,"Pinus","nigra",193.21,"Pinusnigra35r2"
"297","11/20/14","P.nigra",35,"r2",-0.017483,-1.84,23.02,"Pinus","nigra",529.9204,"Pinusnigra35r2"
"298","11/20/14","P.nigra",35,"r2",-0.013535,-1.43,31.99,"Pinus","nigra",1023.3601,"Pinusnigra35r2"
"299","11/20/14","P.nigra",35,"r2",-0.015118,-1.59,41.12,"Pinus","nigra",1690.8544,"Pinusnigra35r2"
"300","11/20/14","P.nigra",35,"r2",-0.005215,-0.55,45,"Pinus","nigra",2025,"Pinusnigra35r2"
"311","1/16/15","P.pinaster",15,"r2",-0.003067,-0.27,14.04,"Pinus","pinaster",197.1216,"Pinuspinaster15r2"
"312","1/16/15","P.pinaster",15,"r2",-0.010837,-0.96,23.12,"Pinus","pinaster",534.5344,"Pinuspinaster15r2"
"313","1/16/15","P.pinaster",15,"r2",-0.016703,-1.48,32.06,"Pinus","pinaster",1027.8436,"Pinuspinaster15r2"
"314","1/16/15","P.pinaster",15,"r2",-0.016156,-1.43,41.11,"Pinus","pinaster",1690.0321,"Pinuspinaster15r2"
"315","1/16/15","P.pinaster",15,"r2",-0.015703,-1.39,44.2,"Pinus","pinaster",1953.64,"Pinuspinaster15r2"
"326","1/8/15","P.pinaster",20,"r2",-0.003527,-0.29,13.99,"Pinus","pinaster",195.7201,"Pinuspinaster20r2"
"327","1/8/15","P.pinaster",20,"r2",-0.014506,-1.19,22.99,"Pinus","pinaster",528.5401,"Pinuspinaster20r2"
"328","1/8/15","P.pinaster",20,"r2",-0.014712,-1.21,32.07,"Pinus","pinaster",1028.4849,"Pinuspinaster20r2"
"329","1/8/15","P.pinaster",20,"r2",-0.020356,-1.67,41.37,"Pinus","pinaster",1711.4769,"Pinuspinaster20r2"
"330","1/8/15","P.pinaster",20,"r2",-0.011027,-0.91,45.17,"Pinus","pinaster",2040.3289,"Pinuspinaster20r2"
"336","12/3/14","P.pinaster",25,"r1",-0.008529,-0.68,13.92,"Pinus","pinaster",193.7664,"Pinuspinaster25r1"
"337","12/3/14","P.pinaster",25,"r1",-0.021577,-1.73,22.94,"Pinus","pinaster",526.2436,"Pinuspinaster25r1"
"338","12/3/14","P.pinaster",25,"r1",-0.017632,-1.41,31.95,"Pinus","pinaster",1020.8025,"Pinuspinaster25r1"
"339","12/3/14","P.pinaster",25,"r1",-0.022182,-1.78,40.65,"Pinus","pinaster",1652.4225,"Pinuspinaster25r1"
"340","12/3/14","P.pinaster",25,"r1",-0.014807,-1.19,44.34,"Pinus","pinaster",1966.0356,"Pinuspinaster25r1"
"341","12/3/14","P.pinaster",25,"r2",-0.008089,-0.61,14.31,"Pinus","pinaster",204.7761,"Pinuspinaster25r2"
"342","12/3/14","P.pinaster",25,"r2",-0.014651,-1.1,23.07,"Pinus","pinaster",532.2249,"Pinuspinaster25r2"
"343","12/3/14","P.pinaster",25,"r2",-0.013426,-1.01,32.11,"Pinus","pinaster",1031.0521,"Pinuspinaster25r2"
"344","12/3/14","P.pinaster",25,"r2",-0.021459,-1.61,41,"Pinus","pinaster",1681,"Pinuspinaster25r2"
"345","12/3/14","P.pinaster",25,"r2",-0.011895,-0.89,49.64,"Pinus","pinaster",2464.1296,"Pinuspinaster25r2"
"346","12/3/14","P.pinaster",25,"r3",-0.02164,-2.19,13.95,"Pinus","pinaster",194.6025,"Pinuspinaster25r3"
"347","12/3/14","P.pinaster",25,"r3",-0.02165,-2.2,22.91,"Pinus","pinaster",524.8681,"Pinuspinaster25r3"
"348","12/3/14","P.pinaster",25,"r3",-0.028185,-2.86,31.88,"Pinus","pinaster",1016.3344,"Pinuspinaster25r3"
"349","12/3/14","P.pinaster",25,"r3",-0.024833,-2.52,40.71,"Pinus","pinaster",1657.3041,"Pinuspinaster25r3"
"350","12/3/14","P.pinaster",25,"r3",-0.021414,-2.17,46.05,"Pinus","pinaster",2120.6025,"Pinuspinaster25r3"
"351","1/27/15","P.pinaster",30,"r1",-0.002193,-0.21,13.95,"Pinus","pinaster",194.6025,"Pinuspinaster30r1"
"352","1/27/15","P.pinaster",30,"r1",-0.003402,-0.33,22.99,"Pinus","pinaster",528.5401,"Pinuspinaster30r1"
"353","1/27/15","P.pinaster",30,"r1",-0.002696,-0.26,31.99,"Pinus","pinaster",1023.3601,"Pinuspinaster30r1"
"354","1/27/15","P.pinaster",30,"r1",-0.002571,-0.25,41.01,"Pinus","pinaster",1681.8201,"Pinuspinaster30r1"
"355","1/27/15","P.pinaster",30,"r1",-0.002492,-0.24,44.65,"Pinus","pinaster",1993.6225,"Pinuspinaster30r1"
"356","1/27/15","P.pinaster",30,"r2",-0.006154,-0.56,13.93,"Pinus","pinaster",194.0449,"Pinuspinaster30r2"
"357","1/27/15","P.pinaster",30,"r2",-0.008884,-0.81,23.02,"Pinus","pinaster",529.9204,"Pinuspinaster30r2"
"358","1/27/15","P.pinaster",30,"r2",-0.00811,-0.74,32.16,"Pinus","pinaster",1034.2656,"Pinuspinaster30r2"
"359","1/27/15","P.pinaster",30,"r2",-0.003103,-0.28,41.14,"Pinus","pinaster",1692.4996,"Pinuspinaster30r2"
"360","1/27/15","P.pinaster",30,"r2",NA,NA,44.89,"Pinus","pinaster",2015.1121,"Pinuspinaster30r2"
"366","11/13/14","P.pinaster",35,"r1",-0.004614,-0.41,13.9,"Pinus","pinaster",193.21,"Pinuspinaster35r1"
"367","11/13/14","P.pinaster",35,"r1",-0.014286,-1.26,22.86,"Pinus","pinaster",522.5796,"Pinuspinaster35r1"
"368","11/13/14","P.pinaster",35,"r1",NA,NA,31.96,"Pinus","pinaster",1021.4416,"Pinuspinaster35r1"
"369","11/13/14","P.pinaster",35,"r1",-0.014771,-1.31,40.71,"Pinus","pinaster",1657.3041,"Pinuspinaster35r1"
"370","11/13/14","P.pinaster",35,"r1",-0.00478,-0.42,44.94,"Pinus","pinaster",2019.6036,"Pinuspinaster35r1"
"371","11/13/14","P.pinaster",35,"r2",-0.005228,-0.43,13.63,"Pinus","pinaster",185.7769,"Pinuspinaster35r2"
"372","11/13/14","P.pinaster",35,"r2",-0.007574,-0.63,23.06,"Pinus","pinaster",531.7636,"Pinuspinaster35r2"
"373","11/13/14","P.pinaster",35,"r2",NA,NA,32.41,"Pinus","pinaster",1050.4081,"Pinuspinaster35r2"
"374","11/13/14","P.pinaster",35,"r2",-0.01612,-1.34,41.07,"Pinus","pinaster",1686.7449,"Pinuspinaster35r2"
"375","11/13/14","P.pinaster",35,"r2",-0.012667,-1.05,43.79,"Pinus","pinaster",1917.5641,"Pinuspinaster35r2"
"376","2/5/15","P.pinaster",35,"r4",-0.007008,-0.73,13.94,"Pinus","pinaster",194.3236,"Pinuspinaster35r4"
"377","2/5/15","P.pinaster",35,"r4",-0.010424,-1.09,22.99,"Pinus","pinaster",528.5401,"Pinuspinaster35r4"
"378","2/5/15","P.pinaster",35,"r4",-0.013127,-1.37,32,"Pinus","pinaster",1024,"Pinuspinaster35r4"
"379","2/5/15","P.pinaster",35,"r4",-0.008536,-0.89,41.01,"Pinus","pinaster",1681.8201,"Pinuspinaster35r4"
"380","2/5/15","P.pinaster",35,"r4",-0.006531,-0.68,43.55,"Pinus","pinaster",1896.6025,"Pinuspinaster35r4"
"381","2/5/15","P.pinaster",35,"r5",-0.011436,-1.29,14.05,"Pinus","pinaster",197.4025,"Pinuspinaster35r5"
"382","2/5/15","P.pinaster",35,"r5",-0.006151,-0.69,23.01,"Pinus","pinaster",529.4601,"Pinuspinaster35r5"
"383","2/5/15","P.pinaster",35,"r5",-0.008957,-1.01,31.94,"Pinus","pinaster",1020.1636,"Pinuspinaster35r5"
"384","2/5/15","P.pinaster",35,"r5",-0.003285,-0.37,41.07,"Pinus","pinaster",1686.7449,"Pinuspinaster35r5"
"385","2/5/15","P.pinaster",35,"r5",NA,NA,43.96,"Pinus","pinaster",1932.4816,"Pinuspinaster35r5"
"386","1/15/15","P.pinea",15,"r1",-0.00117,-0.08,14.49,"Pinus","pinea",209.9601,"Pinuspinea15r1"
"387","1/15/15","P.pinea",15,"r1",-0.004329,-0.3,23.05,"Pinus","pinea",531.3025,"Pinuspinea15r1"
"388","1/15/15","P.pinea",15,"r1",-0.005146,-0.36,32,"Pinus","pinea",1024,"Pinuspinea15r1"
"389","1/15/15","P.pinea",15,"r1",-0.005843,-0.41,41.15,"Pinus","pinea",1693.3225,"Pinuspinea15r1"
"390","1/15/15","P.pinea",15,"r1",-0.003656,-0.26,45.31,"Pinus","pinea",2052.9961,"Pinuspinea15r1"
"401","12/18/14","P.pinea",20,"r1",-0.008523,-0.67,13.88,"Pinus","pinea",192.6544,"Pinuspinea20r1"
"402","12/18/14","P.pinea",20,"r1",-0.02106,-1.66,22.94,"Pinus","pinea",526.2436,"Pinuspinea20r1"
"403","12/18/14","P.pinea",20,"r1",-0.021698,-1.72,31.96,"Pinus","pinea",1021.4416,"Pinuspinea20r1"
"404","12/18/14","P.pinea",20,"r1",-0.017296,-1.37,40.95,"Pinus","pinea",1676.9025,"Pinuspinea20r1"
"405","12/18/14","P.pinea",20,"r1",-0.001884,-0.15,45.81,"Pinus","pinea",2098.5561,"Pinuspinea20r1"
"416","12/1/14","P.pinea",25,"r1",-0.010089,-0.83,13.96,"Pinus","pinea",194.8816,"Pinuspinea25r1"
"417","12/1/14","P.pinea",25,"r1",-0.007896,-0.65,23.05,"Pinus","pinea",531.3025,"Pinuspinea25r1"
"418","12/1/14","P.pinea",25,"r1",-0.009034,-0.75,31.82,"Pinus","pinea",1012.5124,"Pinuspinea25r1"
"419","12/1/14","P.pinea",25,"r1",-0.012025,-0.99,40.78,"Pinus","pinea",1663.0084,"Pinuspinea25r1"
"420","12/1/14","P.pinea",25,"r1",-0.013013,-1.07,44.73,"Pinus","pinea",2000.7729,"Pinuspinea25r1"
"421","12/1/14","P.pinea",25,"r2",-0.009752,-0.73,14.02,"Pinus","pinea",196.5604,"Pinuspinea25r2"
"422","12/1/14","P.pinea",25,"r2",-0.003878,-0.29,23,"Pinus","pinea",529,"Pinuspinea25r2"
"423","12/1/14","P.pinea",25,"r2",-0.004272,-0.32,31.78,"Pinus","pinea",1009.9684,"Pinuspinea25r2"
"424","12/1/14","P.pinea",25,"r2",-0.010124,-0.76,41.07,"Pinus","pinea",1686.7449,"Pinuspinea25r2"
"425","12/1/14","P.pinea",25,"r2",-0.0131,-0.98,47.05,"Pinus","pinea",2213.7025,"Pinuspinea25r2"
"431","1/26/15","P.pinea",30,"r1",-0.002111,-0.29,14.03,"Pinus","pinea",196.8409,"Pinuspinea30r1"
"432","1/26/15","P.pinea",30,"r1",-0.004361,-0.6,23.03,"Pinus","pinea",530.3809,"Pinuspinea30r1"
"433","1/26/15","P.pinea",30,"r1",-0.005132,-0.71,32.03,"Pinus","pinea",1025.9209,"Pinuspinea30r1"
"434","1/26/15","P.pinea",30,"r1",-0.005488,-0.76,40.98,"Pinus","pinea",1679.3604,"Pinuspinea30r1"
"435","1/26/15","P.pinea",30,"r1",-0.003203,-0.44,44.17,"Pinus","pinea",1950.9889,"Pinuspinea30r1"
"446","1/20/15","P.sylvestris",15,"r1",-0.002786,-0.3,14.02,"Pinus","sylvestris",196.5604,"Pinussylvestris15r1"
"447","1/20/15","P.sylvestris",15,"r1",-0.003452,-0.38,22.95,"Pinus","sylvestris",526.7025,"Pinussylvestris15r1"
"448","1/20/15","P.sylvestris",15,"r1",-0.005085,-0.56,32.03,"Pinus","sylvestris",1025.9209,"Pinussylvestris15r1"
"449","1/20/15","P.sylvestris",15,"r1",-0.010246,-1.12,41.04,"Pinus","sylvestris",1684.2816,"Pinussylvestris15r1"
"450","1/20/15","P.sylvestris",15,"r1",-0.00686,-0.75,44.42,"Pinus","sylvestris",1973.1364,"Pinussylvestris15r1"
"461","1/13/15","P.sylvestris",20,"r2",-0.007429,-0.64,13.97,"Pinus","sylvestris",195.1609,"Pinussylvestris20r2"
"462","1/13/15","P.sylvestris",20,"r2",-0.013548,-1.17,22.91,"Pinus","sylvestris",524.8681,"Pinussylvestris20r2"
"463","1/13/15","P.sylvestris",20,"r2",-0.018933,-1.63,32.03,"Pinus","sylvestris",1025.9209,"Pinussylvestris20r2"
"464","1/13/15","P.sylvestris",20,"r2",-0.016954,-1.46,41.13,"Pinus","sylvestris",1691.6769,"Pinussylvestris20r2"
"465","1/13/15","P.sylvestris",20,"r2",NA,NA,44.86,"Pinus","sylvestris",2012.4196,"Pinussylvestris20r2"
"466","12/10/14","P.sylvestris",25,"r1",-0.006133,-0.61,13.9,"Pinus","sylvestris",193.21,"Pinussylvestris25r1"
"467","12/10/14","P.sylvestris",25,"r1",-0.016589,-1.66,22.98,"Pinus","sylvestris",528.0804,"Pinussylvestris25r1"
"468","12/10/14","P.sylvestris",25,"r1",-0.015692,-1.57,31.99,"Pinus","sylvestris",1023.3601,"Pinussylvestris25r1"
"469","12/10/14","P.sylvestris",25,"r1",-0.016986,-1.7,40.98,"Pinus","sylvestris",1679.3604,"Pinussylvestris25r1"
"470","12/10/14","P.sylvestris",25,"r1",-0.012593,-1.26,44.76,"Pinus","sylvestris",2003.4576,"Pinussylvestris25r1"
"471","12/10/14","P.sylvestris",25,"r2",-0.008759,-0.76,13.74,"Pinus","sylvestris",188.7876,"Pinussylvestris25r2"
"472","12/10/14","P.sylvestris",25,"r2",-0.006119,-0.56,23.11,"Pinus","sylvestris",534.0721,"Pinussylvestris25r2"
"473","12/10/14","P.sylvestris",25,"r2",-0.008731,-0.76,31.19,"Pinus","sylvestris",972.8161,"Pinussylvestris25r2"
"474","12/10/14","P.sylvestris",25,"r2",-0.00883,-0.76,40.53,"Pinus","sylvestris",1642.6809,"Pinussylvestris25r2"
"475","12/10/14","P.sylvestris",25,"r2",-0.011723,-1.01,48.13,"Pinus","sylvestris",2316.4969,"Pinussylvestris25r2"
"481","1/29/15","P.sylvestris",30,"r1",-0.002006,-0.22,13.93,"Pinus","sylvestris",194.0449,"Pinussylvestris30r1"
"482","1/29/15","P.sylvestris",30,"r1",-0.003306,-0.37,23.11,"Pinus","sylvestris",534.0721,"Pinussylvestris30r1"
"483","1/29/15","P.sylvestris",30,"r1",-0.004308,-0.48,31.99,"Pinus","sylvestris",1023.3601,"Pinussylvestris30r1"
"484","1/29/15","P.sylvestris",30,"r1",-0.007348,-0.82,41,"Pinus","sylvestris",1681,"Pinussylvestris30r1"
"485","1/29/15","P.sylvestris",30,"r1",-0.006612,-0.74,44.71,"Pinus","sylvestris",1998.9841,"Pinussylvestris30r1"
"486","1/29/15","P.sylvestris",30,"r2",-0.003087,-0.31,13.87,"Pinus","sylvestris",192.3769,"Pinussylvestris30r2"
"487","1/29/15","P.sylvestris",30,"r2",-0.005011,-0.5,22.99,"Pinus","sylvestris",528.5401,"Pinussylvestris30r2"
"488","1/29/15","P.sylvestris",30,"r2",-0.009051,-0.91,32.09,"Pinus","sylvestris",1029.7681,"Pinussylvestris30r2"
"489","1/29/15","P.sylvestris",30,"r2",-0.009955,-1,41.15,"Pinus","sylvestris",1693.3225,"Pinussylvestris30r2"
"490","1/29/15","P.sylvestris",30,"r2",-0.008655,-0.87,44.35,"Pinus","sylvestris",1966.9225,"Pinussylvestris30r2"
"491","1/29/15","P.sylvestris",30,"r3",-0.004721,-0.52,13.84,"Pinus","sylvestris",191.5456,"Pinussylvestris30r3"
"492","1/29/15","P.sylvestris",30,"r3",-0.005525,-0.61,22.98,"Pinus","sylvestris",528.0804,"Pinussylvestris30r3"
"493","1/29/15","P.sylvestris",30,"r3",-0.008717,-0.96,32,"Pinus","sylvestris",1024,"Pinussylvestris30r3"
"494","1/29/15","P.sylvestris",30,"r3",-0.008736,-0.97,40.95,"Pinus","sylvestris",1676.9025,"Pinussylvestris30r3"
"495","1/29/15","P.sylvestris",30,"r3",NA,NA,46.57,"Pinus","sylvestris",2168.7649,"Pinussylvestris30r3"
"496","11/24/14","P.sylvestris",35,"r1",-0.004267,-0.33,13.98,"Pinus","sylvestris",195.4404,"Pinussylvestris35r1"
"497","11/24/14","P.sylvestris",35,"r1",-0.006815,-0.53,23.1,"Pinus","sylvestris",533.61,"Pinussylvestris35r1"
"498","11/24/14","P.sylvestris",35,"r1",-0.010724,-0.83,31.19,"Pinus","sylvestris",972.8161,"Pinussylvestris35r1"
"499","11/24/14","P.sylvestris",35,"r1",-0.009941,-0.77,41.74,"Pinus","sylvestris",1742.2276,"Pinussylvestris35r1"
"500","11/24/14","P.sylvestris",35,"r1",-0.01251,-0.97,44.19,"Pinus","sylvestris",1952.7561,"Pinussylvestris35r1"
"501","11/24/14","P.sylvestris",35,"r3",-0.007343,-0.58,13.9,"Pinus","sylvestris",193.21,"Pinussylvestris35r3"
"502","11/24/14","P.sylvestris",35,"r3",-0.0079,-0.62,22.92,"Pinus","sylvestris",525.3264,"Pinussylvestris35r3"
"503","11/24/14","P.sylvestris",35,"r3",-0.010067,-0.8,31.79,"Pinus","sylvestris",1010.6041,"Pinussylvestris35r3"
"504","11/24/14","P.sylvestris",35,"r3",-0.008591,-0.68,40.81,"Pinus","sylvestris",1665.4561,"Pinussylvestris35r3"
"505","11/24/14","P.sylvestris",35,"r3",-0.013139,-1.04,46.18,"Pinus","sylvestris",2132.5924,"Pinussylvestris35r3"
"506","11/24/14","P.sylvestris",35,"r2",-0.010286,-0.6,13.8,"Pinus","sylvestris",190.44,"Pinussylvestris35r2"
"507","11/24/14","P.sylvestris",35,"r2",-0.013444,-0.78,22.66,"Pinus","sylvestris",513.4756,"Pinussylvestris35r2"
"508","11/24/14","P.sylvestris",35,"r2",-0.0092,-0.53,31.75,"Pinus","sylvestris",1008.0625,"Pinussylvestris35r2"
"509","11/24/14","P.sylvestris",35,"r2",-0.009183,-0.53,40.6,"Pinus","sylvestris",1648.36,"Pinussylvestris35r2"
"510","11/24/14","P.sylvestris",35,"r2",-0.007797,-0.45,44.71,"Pinus","sylvestris",1998.9841,"Pinussylvestris35r2"
"511","1/14/15","Z.mays",15,"r1",-0.00185,-0.18,13.97,"Zea","mays",195.1609,"Zeamays15r1"
"512","1/14/15","Z.mays",15,"r1",-0.005851,-0.56,23.02,"Zea","mays",529.9204,"Zeamays15r1"
"513","1/14/15","Z.mays",15,"r1",-0.003627,-0.35,32.04,"Zea","mays",1026.5616,"Zeamays15r1"
"514","1/14/15","Z.mays",15,"r1",-0.006143,-0.59,41.09,"Zea","mays",1688.3881,"Zeamays15r1"
"515","1/14/15","Z.mays",15,"r1",-0.009132,-0.87,44.96,"Zea","mays",2021.4016,"Zeamays15r1"
"516","1/14/15","Z.mays",15,"r2",-0.008466,-0.92,14.02,"Zea","mays",196.5604,"Zeamays15r2"
"517","1/14/15","Z.mays",15,"r2",-0.018212,-1.99,22.94,"Zea","mays",526.2436,"Zeamays15r2"
"518","1/14/15","Z.mays",15,"r2",-0.019422,-2.12,32.14,"Zea","mays",1032.9796,"Zeamays15r2"
"519","1/14/15","Z.mays",15,"r2",-0.033133,-3.61,41.1,"Zea","mays",1689.21,"Zeamays15r2"
"520","1/14/15","Z.mays",15,"r2",-0.030262,-3.3,44.87,"Zea","mays",2013.3169,"Zeamays15r2"
"521","1/14/15","Z.mays",15,"r3",-0.006308,-0.75,13.9,"Zea","mays",193.21,"Zeamays15r3"
"522","1/14/15","Z.mays",15,"r3",-0.009894,-1.18,22.89,"Zea","mays",523.9521,"Zeamays15r3"
"523","1/14/15","Z.mays",15,"r3",-0.015083,-1.8,31.94,"Zea","mays",1020.1636,"Zeamays15r3"
"524","1/14/15","Z.mays",15,"r3",-0.01733,-2.06,40.95,"Zea","mays",1676.9025,"Zeamays15r3"
"525","1/14/15","Z.mays",15,"r3",-0.012601,-1.5,45.77,"Zea","mays",2094.8929,"Zeamays15r3"
"526","12/15/14","Z.mays",20,"r1",-0.008419,-0.82,13.99,"Zea","mays",195.7201,"Zeamays20r1"
"527","12/15/14","Z.mays",20,"r1",-0.01533,-1.49,22.81,"Zea","mays",520.2961,"Zeamays20r1"
"528","12/15/14","Z.mays",20,"r1",-0.014624,-1.43,32.03,"Zea","mays",1025.9209,"Zeamays20r1"
"529","12/15/14","Z.mays",20,"r1",-0.01537,-1.5,40.85,"Zea","mays",1668.7225,"Zeamays20r1"
"530","12/15/14","Z.mays",20,"r1",-0.00943,-0.92,45.25,"Zea","mays",2047.5625,"Zeamays20r1"
"531","12/15/14","Z.mays",20,"r2",-0.009786,-1.09,14.01,"Zea","mays",196.2801,"Zeamays20r2"
"532","12/15/14","Z.mays",20,"r2",-0.006722,-0.75,23.08,"Zea","mays",532.6864,"Zeamays20r2"
"533","12/15/14","Z.mays",20,"r2",-0.018059,-2,32.11,"Zea","mays",1031.0521,"Zeamays20r2"
"534","12/15/14","Z.mays",20,"r2",-0.022488,-2.49,41.2,"Zea","mays",1697.44,"Zeamays20r2"
"535","12/15/14","Z.mays",20,"r2",-0.015412,-1.71,49.83,"Zea","mays",2483.0289,"Zeamays20r2"
"541","12/22/14","Z.mays",25,"r1",-0.015046,-1.23,13.9,"Zea","mays",193.21,"Zeamays25r1"
"542","12/22/14","Z.mays",25,"r1",-0.0092,-0.75,23.12,"Zea","mays",534.5344,"Zeamays25r1"
"543","12/22/14","Z.mays",25,"r1",-0.010454,-0.86,31.9,"Zea","mays",1017.61,"Zeamays25r1"
"544","12/22/14","Z.mays",25,"r1",-0.007896,-0.65,41.24,"Zea","mays",1700.7376,"Zeamays25r1"
"545","12/22/14","Z.mays",25,"r1",-0.000175,-0.01,45,"Zea","mays",2025,"Zeamays25r1"
"551","12/22/14","Z.mays",25,"r3",-0.020854,-2.08,13.88,"Zea","mays",192.6544,"Zeamays25r3"
"552","12/22/14","Z.mays",25,"r3",-0.008515,-0.85,22.96,"Zea","mays",527.1616,"Zeamays25r3"
"553","12/22/14","Z.mays",25,"r3",-0.012622,-1.26,31.98,"Zea","mays",1022.7204,"Zeamays25r3"
"554","12/22/14","Z.mays",25,"r3",-0.009821,-0.98,40.86,"Zea","mays",1669.5396,"Zeamays25r3"
"555","12/22/14","Z.mays",25,"r3",-0.016309,-1.62,46.41,"Zea","mays",2153.8881,"Zeamays25r3"
"556","1/21/15","Z.mays",30,"r2",-0.009591,-0.82,13.99,"Zea","mays",195.7201,"Zeamays30r2"
"557","1/21/15","Z.mays",30,"r2",-0.019991,-1.72,23.02,"Zea","mays",529.9204,"Zeamays30r2"
"558","1/21/15","Z.mays",30,"r2",-0.022098,-1.9,32.12,"Zea","mays",1031.6944,"Zeamays30r2"
"559","1/21/15","Z.mays",30,"r2",-0.034451,-2.96,41.17,"Zea","mays",1694.9689,"Zeamays30r2"
"560","1/21/15","Z.mays",30,"r2",-0.029955,-2.57,45.11,"Zea","mays",2034.9121,"Zeamays30r2"
"566","3/12/15","Z.mays",30,"r4",NA,NA,13.98,"Zea","mays",195.4404,"Zeamays30r4"
"567","3/12/15","Z.mays",30,"r4",-0.008593,-1.2,22.88,"Zea","mays",523.4944,"Zeamays30r4"
"568","3/12/15","Z.mays",30,"r4",-0.006138,-0.85,31.93,"Zea","mays",1019.5249,"Zeamays30r4"
"569","3/12/15","Z.mays",30,"r4",-0.012226,-1.7,40.96,"Zea","mays",1677.7216,"Zeamays30r4"
"570","3/12/15","Z.mays",30,"r4",-0.011458,-1.6,44.1,"Zea","mays",1944.81,"Zeamays30r4"
"571","3/12/15","Z.mays",30,"r5",-0.007614,-0.88,14.15,"Zea","mays",200.2225,"Zeamays30r5"
"572","3/12/15","Z.mays",30,"r5",-0.012167,-1.4,23.06,"Zea","mays",531.7636,"Zeamays30r5"
"573","3/12/15","Z.mays",30,"r5",-0.013915,-1.6,31.89,"Zea","mays",1016.9721,"Zeamays30r5"
"574","3/12/15","Z.mays",30,"r5",-0.017251,-1.98,41.15,"Zea","mays",1693.3225,"Zeamays30r5"
"575","3/12/15","Z.mays",30,"r5",-0.009146,-1.05,44.48,"Zea","mays",1978.4704,"Zeamays30r5"
"576","3/12/15","Z.mays",30,"r6",-0.007678,-1.22,13.91,"Zea","mays",193.4881,"Zeamays30r6"
"577","3/12/15","Z.mays",30,"r6",-0.014726,-2.35,23,"Zea","mays",529,"Zeamays30r6"
"578","3/12/15","Z.mays",30,"r6",-0.011358,-1.81,32.04,"Zea","mays",1026.5616,"Zeamays30r6"
"579","3/12/15","Z.mays",30,"r6",-0.009879,-1.57,40.93,"Zea","mays",1675.2649,"Zeamays30r6"
"580","3/12/15","Z.mays",30,"r6",-0.008107,-1.29,46.53,"Zea","mays",2165.0409,"Zeamays30r6"
"581","1/30/15","Z.mays",35,"r1",-0.003619,-0.35,13.76,"Zea","mays",189.3376,"Zeamays35r1"
"582","1/30/15","Z.mays",35,"r1",-0.004851,-0.47,22.88,"Zea","mays",523.4944,"Zeamays35r1"
"583","1/30/15","Z.mays",35,"r1",-0.006269,-0.6,31.99,"Zea","mays",1023.3601,"Zeamays35r1"
"584","1/30/15","Z.mays",35,"r1",-0.003514,-0.34,40.99,"Zea","mays",1680.1801,"Zeamays35r1"
"585","1/30/15","Z.mays",35,"r1",-0.004043,-0.39,44.35,"Zea","mays",1966.9225,"Zeamays35r1"
"586","1/30/15","Z.mays",35,"r2",-0.003021,-0.32,14.06,"Zea","mays",197.6836,"Zeamays35r2"
"587","1/30/15","Z.mays",35,"r2",-0.008983,-0.95,23.13,"Zea","mays",534.9969,"Zeamays35r2"
"588","1/30/15","Z.mays",35,"r2",-0.011194,-1.19,32.13,"Zea","mays",1032.3369,"Zeamays35r2"
"589","1/30/15","Z.mays",35,"r2",-0.011876,-1.26,41.08,"Zea","mays",1687.5664,"Zeamays35r2"
"590","1/30/15","Z.mays",35,"r2",-0.006403,-0.68,44.03,"Zea","mays",1938.6409,"Zeamays35r2"
"591","1/30/15","Z.mays",35,"r3",NA,NA,13.85,"Zea","mays",191.8225,"Zeamays35r3"
"592","1/30/15","Z.mays",35,"r3",-0.009637,-0.96,22.88,"Zea","mays",523.4944,"Zeamays35r3"
"593","1/30/15","Z.mays",35,"r3",-0.014173,-1.4,31.91,"Zea","mays",1018.2481,"Zeamays35r3"
"594","1/30/15","Z.mays",35,"r3",-0.015561,-1.54,40.92,"Zea","mays",1674.4464,"Zeamays35r3"
"595","1/30/15","Z.mays",35,"r3",-0.012041,-1.19,45.74,"Zea","mays",2092.1476,"Zeamays35r3"
